<?xml version="1.0" encoding="UTF-8"?>
<project-private xmlns="http://www.netbeans.org/ns/project-private/1">
    <editor-bookmarks xmlns="http://www.netbeans.org/ns/editor-bookmarks/2" lastBookmarkId="0"/>
    <open-files xmlns="http://www.netbeans.org/ns/projectui-open-files/2">
        <group>
            <file>file:/C:/Users/admin/Documents/NetBeansProjects/SDP/web/mutual.jsp</file>
            <file>file:/C:/Users/admin/Documents/NetBeansProjects/SDP/web/loginprocess.jsp</file>
            <file>file:/C:/Users/admin/Documents/NetBeansProjects/SDP/src/java/com/SignInServlet.java</file>
            <file>file:/C:/Users/admin/Documents/NetBeansProjects/SDP/web/Write.jsp</file>
            <file>file:/C:/Users/admin/Documents/NetBeansProjects/SDP/web/css/Style1.css</file>
            <file>file:/C:/Users/admin/Documents/NetBeansProjects/SDP/web/search.jsp</file>
            <file>file:/C:/Users/admin/Documents/NetBeansProjects/SDP/web/Signin.jsp</file>
            <file>file:/C:/Users/admin/Documents/NetBeansProjects/SDP/web/Updatepwd.jsp</file>
            <file>file:/C:/Users/admin/Documents/NetBeansProjects/SDP/web/followList.jsp</file>
            <file>file:/C:/Users/admin/Documents/NetBeansProjects/SDP/src/java/com/Updatepwd.java</file>
            <file>file:/C:/Users/admin/Documents/NetBeansProjects/SDP/src/java/com/WriteServlet.java</file>
            <file>file:/C:/Users/admin/Documents/NetBeansProjects/SDP/web/content.jsp</file>
            <file>file:/C:/Users/admin/Documents/NetBeansProjects/SDP/src/java/com/SocialServlet.java</file>
            <file>file:/C:/Users/admin/Documents/NetBeansProjects/SDP/web/index.jsp</file>
            <file>file:/C:/Users/admin/Documents/NetBeansProjects/SDP/web/login.jsp</file>
            <file>file:/C:/Users/admin/Documents/NetBeansProjects/SDP/web/css/Style2.css</file>
        </group>
    </open-files>
</project-private>
